title,company,location,description,min_amount,max_amount,date_posted,job_url,site,scraped_date,region,is_remote
UK&I Tax & Finance Data Analyst,Mars Wrigley Confectionery UK ,"Chalvey, Slough","Job Description: To support the tax professionals in ensuring all UK & Irish entities maintain high quality tax compliance and reporting. The role is responsible for the data, analysis, and controls that enable accurate, timely, and compliant tax reporting and tax return preparation for the UK & Ireland group. The jobholder partners closely with tax specialists, the Mars Accounting Service Centre, PwC, and business unit finance teams to ensure that accurate, complete, and well controlled data f…",32330.8,32330.8,2026-03-24T11:18:27Z,https://www.adzuna.co.uk/jobs/land/ad/5676750569?se=nLBKGtcp8RG-M-N3yaR3bQ&utm_medium=api&utm_source=5731d18b&v=7A0F68FA868DDFF69775C1CE70E1F1CC7C39F958,adzuna,2026-03-27,Other UK,False
Data Analyst Trainee,ITOL Recruit,UK,"Are you looking to benefit from a new career in Data Analysis? If you are detail orientated, perceptive, organised, competent, analytical and can communicate well with those around you; you could have a truly rewarding future as a Data Analyst We do this using our specialised Data Analyst career programme which looks to assist and place qualified candidates into a career pathway in Data Analysis. Please note this career program is designed for entry level individuals with limited or no experien…",30000.0,50000.0,2026-03-10T10:22:24Z,https://www.adzuna.co.uk/jobs/land/ad/5660173992?se=nLBKGtcp8RG-M-N3yaR3bQ&utm_medium=api&utm_source=5731d18b&v=5A3B81A9CB98CF9EAE311BB69AE5E54BCF443649,adzuna,2026-03-27,Other UK,False
Data Analyst,Tria Recruitment,"Eastern England, UK","Data Support Analyst Hybrid - 1 - 2x days per week on site in Suffolk £35,000 - £40,000 per annum Join a global organisation on a mission to redefine what 'best-in-class' looks like. We're supporting an organisation backed by a leading private equity partner and fuelled by ambitious growth through ongoing M&A. This business is rapidly scaling to secure its position as the world's market leader in its sector. The pace is fast, the transformation is real, and the opportunity to make a genuine imp…",40000.0,40000.0,2026-03-27T03:50:05Z,https://www.adzuna.co.uk/jobs/land/ad/5679957391?se=nLBKGtcp8RG-M-N3yaR3bQ&utm_medium=api&utm_source=5731d18b&v=D444C4B775E5F96C26052F7BE2D450508330E4E0,adzuna,2026-03-27,Other UK,False
Data Analyst,FOOTBALL ASSOCIATION,"Wembley, North West London",The FA's Grassroots division is looking for a Data Analyst with a collaborative mindset and the ability to communicate complex concepts to a variety of audiences. You will play a critical role in transforming Grassroots Football's data into actionable insights and easy‑to‑use self‑serve tools that empower internal teams and County FAs to make evidence‑based decisions. What will you be doing? Develop and maintain self‑serve dashboards and reporting tools that allow colleagues and the County FA n…,30048.69,30048.69,2026-03-17T09:45:51Z,https://www.adzuna.co.uk/jobs/details/5669419139?utm_medium=api&utm_source=5731d18b,adzuna,2026-03-27,London,False
Business Data Analyst,Wellington Professional Recruitment,"Belfast, Northern Ireland","Business Data Analyst Our Public Body Client requires a Property Business Data Analyst to join their Property & Estates Division , where you will play a key role in improving information management, business intelligence, and data-driven decision-making across the division. This role will support the deployment of best practice in data analysis, reporting, and digital solutions to enhance service delivery for both internal and external stakeholders. You will work closely with property, asset ma…",50000.0,50000.0,2026-03-26T04:03:23Z,https://www.adzuna.co.uk/jobs/land/ad/5678824411?se=nLBKGtcp8RG-M-N3yaR3bQ&utm_medium=api&utm_source=5731d18b&v=83690547EBAB9EC8A216186247032DDDD2CCB9A7,adzuna,2026-03-27,Other UK,False
Senior Data Analyst,Trade Mastermind,"Orton Southgate, Peterborough","Senior Data Analyst Location: Peterborough (HQ) Company: Trade Mastermind & Valente Consulting Employment: Full-Time Salary: £50 000-£60 000 We are seeking a highly capable Senior Data Analyst / Data & Insights Manager to take full ownership of our data function across a fast-scaling £25M education and business services group. This role goes far beyond reporting you will transform data into actionable insight, enabling leadership to make high-impact decisions across multiple brands. In this pos…",60000.0,60000.0,2026-03-26T11:47:37Z,https://www.adzuna.co.uk/jobs/land/ad/5679242368?se=nLBKGtcp8RG-M-N3yaR3bQ&utm_medium=api&utm_source=5731d18b&v=C4BBF0EBB7F88B8D779AF8ACECC722276E05E929,adzuna,2026-03-27,Other UK,False
Logistics Data Analyst,Outsource,"Earl Shilton, Leicester","Logistics Data Analyst Location: Desford Contract Length: 12 months (with potential to extend) Start Date: ASAP Hourly Rate: £25 per hour Umbrella Working Pattern: Full time on site. 07:00-15:30 Mon-Thurs, 07:00-12:30 Fri What You'll Be Doing Improve inbound/outbound material flow and drive continuous improvement Resolve material scheduling, transportation, and inventory issues Manage inventory levels and supplier delivery performance Support production needs during off-shifts Develop dashboard…",48917.0,48917.0,2026-03-26T11:49:05Z,https://www.adzuna.co.uk/jobs/land/ad/5679245587?se=nLBKGtcp8RG-M-N3yaR3bQ&utm_medium=api&utm_source=5731d18b&v=6C64D04F7E7741CB6688414476516D574A787D97,adzuna,2026-03-27,Other UK,False
Data Analyst,Lusona Consultancy,UK,"Job Title : Data Analyst Job Location: York or East Kilbride Job Salary: Up to £50,000  benefits Hybrid Working Available A leading organisation is seeking a talented Data Analyst to join its growing team. This is a fantastic opportunity for an analytical, commercially minded individual to play a key role in strengthening business intelligence across a diverse and fast‑paced group environment. Working closely with operational and commercial teams, you will be responsible for delivering actionab…",40000.0,50000.0,2026-03-18T20:42:55Z,https://www.adzuna.co.uk/jobs/land/ad/5671199952?se=nLBKGtcp8RG-M-N3yaR3bQ&utm_medium=api&utm_source=5731d18b&v=6E23471FBBD3EBEB9B44A1FC25E66827DAFCC710,adzuna,2026-03-27,Other UK,False
Data Analyst,RedCentric,"London, UK","About the Role At RedCentric, data drives our decisions and fuels our growth. We are seeking a skilled Data Analyst to join our team and transform complex data into actionable insights that empower our business strategies. This role offers a unique opportunity to work with diverse datasets, collaborate across departments, and contribute to impactful projects that shape the future of our company. Key Objectives Analyze and interpret data to identify trends, patterns, and opportunities. Deliver c…",29800.0,29800.0,2026-03-09T17:39:09Z,https://www.adzuna.co.uk/jobs/details/5659484919?utm_medium=api&utm_source=5731d18b,adzuna,2026-03-27,London,False
DATA ANALYST,Felix Consultants,"Solihull, West Midlands","We are seeking a detail-oriented and analytical Data Analyst to support data-driven decision-making across the organization. The ideal candidate will collect, analyze, and interpret data to generate actionable insights, support business operations, and improve overall performance. This role is suitable for candidates with foundational to intermediate experience in data analysis. Key Responsibilities Collect, clean, and validate data from multiple sources to ensure accuracy and consistency Analy…",40000.0,40000.0,2026-03-17T18:11:42Z,https://www.adzuna.co.uk/jobs/details/5669725390?utm_medium=api&utm_source=5731d18b,adzuna,2026-03-27,Other UK,False
Data Analyst Intern,HK Consultants,"Birmingham, West Midlands","We are looking for a detail-oriented Data Science Intern to support our team in collecting, analysing, and interpreting data. This internship will help you gain hands-on experience in data analysis, reporting, and business insights. Key Responsibilities: Collect and organise data from different sources Analyse datasets to identify trends and patterns Create reports and dashboards using Excel or other tools Assist the team in data-driven decision-making Maintain and update databases Requirements…",52000.0,52000.0,2026-03-09T17:35:29Z,https://www.adzuna.co.uk/jobs/details/5659484721?utm_medium=api&utm_source=5731d18b,adzuna,2026-03-27,Birmingham,False
Junior / Trainee Data Analyst,GET STAFFED ONLINE RECRUITMENT LIMITED,"Alcester, Warwickshire","Junior / Trainee Data Analyst Salary: £25,000 – £30,000 Location: Alcester (Hybrid) Our client is a technology-focused Mortgage Network, offering support services to Mortgage and Protection Advisers. Their goal is to continue to be the best home for Mortgage Advisers, Protection Specialists, Equity Release Experts and General Insurance Professionals, whatever their size or location, using market-leading technology. Key Responsibilities: Create, maintain, and enhance reporting solutions that pro…",25000.0,30000.0,2026-03-20T08:02:15Z,https://www.adzuna.co.uk/jobs/details/5672877170?utm_medium=api&utm_source=5731d18b,adzuna,2026-03-27,Other UK,False
Data Analyst,Russell Tobin,"London, UK","Rate 300 per day inside IR 35 12 Months contract Onsite Data Analyst-Media Insights & Planning/Spanish speaker Introduction to the Team: Travel Partnerships and Advertising helps partners, including hotels, airlines, destination marketing organizations (DMOs) and more, deliver excellent traveler and B2B experiences. We drive growth for our partners and the Expedia Group marketplace through competitive supply, our leading advertising and travel media network and affiliate solutions. Make An Impa…",52689.9,52689.9,2026-03-05T16:14:20Z,https://www.adzuna.co.uk/jobs/land/ad/5655061249?se=nLBKGtcp8RG-M-N3yaR3bQ&utm_medium=api&utm_source=5731d18b&v=C8346AFFE40DDAFAD760BA1835486E409A046B12,adzuna,2026-03-27,London,False
Data Analyst,Creditsafe,"Cardiff County, Wales","We are currently looking Data Analyst, to work in our Cardiff Bay office. You will be expected to attend the office 50% of the working week, to align with our hybrid working policy. WHO ARE WE? At Creditsafe, we weave our core values of customer-obsession, trust, respect and the courage to be different into the very fabric of our culture. With these values, we’ve fostered a culture of growth, innovation, well-being and success for the last 20 years at Creditsafe and created a legacy of successf…",39383.96,39383.96,2026-03-13T15:44:25Z,https://www.adzuna.co.uk/jobs/land/ad/5663594007?se=nLBKGtcp8RG-M-N3yaR3bQ&utm_medium=api&utm_source=5731d18b&v=1E8AA90CE0899C3C4721594DD9C5B872CA19B80C,adzuna,2026-03-27,Other UK,False
Apprentice Recruitment & HR Data Analyst,FCC Environment,"Doncaster, South Yorkshire","Are you looking for the right role for you? Then look no further Apprentice Recruitment & HR Data Analyst Salary £17,400 - £25,396 Hours 35.7, Monday to Friday 8:30 - 5:00pm Location & Postcode Doncaster, DN4 5NU As an Apprentice Recruitment & HR Data Analyst at FCC Environment, you will support the HR and Recruitment team while developing your skills in HR data reporting, analytics, recruitment and HR systems. This role is designed to help you build a strong foundation in HR operations and dat…",24000.0,24000.0,2026-03-26T11:47:37Z,https://www.adzuna.co.uk/jobs/land/ad/5679242414?se=nLBKGtcp8RG-M-N3yaR3bQ&utm_medium=api&utm_source=5731d18b&v=73287748C09A0734AE4B4C770A672F0D4344C426,adzuna,2026-03-27,Other UK,False
Data Analyst / Systems Analyst - Immediate Start!,MCS Group,"Banbridge, County Down","MCS Group is working with an established and growing manufacturing company in County Down as they look for a detail-oriented Data Analyst / Systems Analyst to support the implementation and optimisation of a new production and stock control system. This is an excellent opportunity for a Data Analyst or Systems Analyst who enjoys working with complex data, systems, and operational processes within a manufacturing environment. The Role This Data Analyst / Systems Analyst will help to build out th…",45000.0,45000.0,2026-03-13T03:40:38Z,https://www.adzuna.co.uk/jobs/land/ad/5663148378?se=nLBKGtcp8RG-M-N3yaR3bQ&utm_medium=api&utm_source=5731d18b&v=DC630EED3A4633CE946F223842ED4579693C6204,adzuna,2026-03-27,Other UK,False
Data Analyst,Oliver James,"Leeds, West Yorkshire","Overview Oliver James has partnered with a leading global data and analytics organisation to support the hire of three Data Analysts on an initial 6-month contract. This is an opportunity to join a well-established financial services environment where data sits at the heart of decision-making. The team is undergoing transition and reshaping its onshore capability, so you'll play a key role in delivering and supporting cloud-based data solutions within a regulated setting. If you have strong dat…",117000.0,117000.0,2026-03-23T20:01:05Z,https://www.adzuna.co.uk/jobs/land/ad/5676174299?se=nLBKGtcp8RG-M-N3yaR3bQ&utm_medium=api&utm_source=5731d18b&v=800F7F23E4196D2AF8D54DD05A58E2C127022D82,adzuna,2026-03-27,Leeds,False
Data Analyst,Harnham - Data & Analytics Recruitment,"London, UK","Data Analyst (FTC) London or Milton Park, hybrid working Up to £55,000 plus benefits This is a standout opportunity to join a growing analytics function where your work directly shapes regulatory decision making. You will play a meaningful role in high-impact programmes, using your SQL expertise to support fair customer outcomes and contribute to business-critical reporting. The Company They are a forward-thinking financial services organisation committed to delivering simple, transparent produ…",50000.0,55000.0,2026-03-23T20:00:38Z,https://www.adzuna.co.uk/jobs/land/ad/5676172865?se=nLBKGtcp8RG-M-N3yaR3bQ&utm_medium=api&utm_source=5731d18b&v=241EC502B9337D503ED31EBB467BEB039FBAA3FF,adzuna,2026-03-27,London,False
Geophysical Data Analyst,Spectrum,"Lymington, Hampshire","Business Description Spectrum Geosurvey specialise in coastal geophysical surveys, supporting a wide range of clients in the offshore renewables sector. We have a proven track record delivering the highest-quality hydrographic and geophysical survey data. Spectrum Geosurvey are seeking an enthusiastic and dedicated individual to join our growing team based in our Lymington office. Position Overview As a Geophysical Data Analyst, you will be responsible for the analysis of geophysical data, maki…",40272.46,40272.46,2026-01-18T03:46:16Z,https://www.adzuna.co.uk/jobs/land/ad/5590118427?se=nLBKGtcp8RG-M-N3yaR3bQ&utm_medium=api&utm_source=5731d18b&v=837B500C1B1B349FA91C32A06F72D31C5303AA8D,adzuna,2026-03-27,Other UK,False
AI & Data Analyst,PMC Treasury,"The City, Central London","About us If you are looking to join an independent and impartial treasury and risk management consultancy, PMC is your solution. Established for over 34 years, we offer expert advice and practical solutions to financial sponsors and their portfolio companies globally – with offices in New York, London, Madrid and Singapore. We are at an early and exciting stage of embedding AI and data capabilities across the firm. This hire is central to that effort. The Role: We are looking for a commercially…",52439.8,52439.8,2026-03-05T16:14:49Z,https://www.adzuna.co.uk/jobs/land/ad/5655061463?se=nLBKGtcp8RG-M-N3yaR3bQ&utm_medium=api&utm_source=5731d18b&v=A9297A45BE99C1617057B4C68D594676B55F24C3,adzuna,2026-03-27,London,False
Data Analyst / Civil Engineer / Geophysicists / Geoscientist,Trace Structural Investigations,"London, UK","Structural Investigation Data Analyst We are looking for a Structural Investigation Data Analyst to join our team at TRACE who has excellent technical report writing skills to deliver engineering-led insights for structural investigations and infrastructure projects. The role will involve interpreting GPR and NDT datasets. Ideally you will have GPR and NDT experience, if not we will provide training to get you up to speed. This is a fully remote position with no site-based work. You can be base…",30000.0,40000.0,2026-03-25T09:36:30Z,https://www.adzuna.co.uk/jobs/details/5677949525?utm_medium=api&utm_source=5731d18b,adzuna,2026-03-27,London,False
HR Data Analyst,Macmillan Davies,"London, UK","HR Data Analyst12-Month Fixed Term Contract (Maternity Cover)London | Insurance / Financial ServicesI am working with a well-established, international insurance organisation torecruit an HR Data Analyst on a 12-month fixed term contract, commencing ideallyin early to mid-June to allow for a structured handover ahead of maternity leavein July.This role sits within a collaborative HR team and combines HR data reportingwith structured HR administration responsibilities.The RoleThe HR Data Analyst…",60000.0,61000.0,2026-03-23T19:59:27Z,https://www.adzuna.co.uk/jobs/land/ad/5676169064?se=nLBKGtcp8RG-M-N3yaR3bQ&utm_medium=api&utm_source=5731d18b&v=1085ED80BC9829DD1F670847E273F776C35DCD45,adzuna,2026-03-27,London,False
Finance Data Analyst,MSA Data Analytics Ltd,"London, UK","Location: City, London - (Hybrid – 2 days office-based) Overview An excellent opportunity for a numerate early-career analyst to join a growing Treasury and Analytics function within a financial services organisation. This role offers exposure to both Treasury risk (liquidity & IRRBB) and data analytics, making it ideal for candidates interested in financial risk, modelling, or applied data analysis within a commercial environment. Key Responsibilities Support liquidity analysis, cashflow forec…",45000.0,55000.0,2026-03-25T10:11:16Z,https://www.adzuna.co.uk/jobs/land/ad/5677957765?se=nLBKGtcp8RG-M-N3yaR3bQ&utm_medium=api&utm_source=5731d18b&v=703FE6077111D731A54CB4FE425FB92A994A5746,adzuna,2026-03-27,London,False
Marketing Data & Analytics Analyst,Fisher Investments,"Fenchurch St, Central London","The Opportunity: Fisher Investment Europe's Global Marketing Group is the lead generation engine for the European Private Client Group, and the Marketing Data & Analytics Team plays a critical role in that process. In this position, you will help guide key decisions while assessing performance. As a Marketing Data & Analytics Analyst, you will help maintain the flow of data through the department, provide timely analysis and reporting to all levels of Marketing stakeholders, and assist in ad ho…",55148.55,55148.55,2026-03-18T02:18:05Z,https://www.adzuna.co.uk/jobs/land/ad/5670254119?se=nLBKGtcp8RG-M-N3yaR3bQ&utm_medium=api&utm_source=5731d18b&v=0BC45367C5F53DD1BEDED6F603652627D78EBA33,adzuna,2026-03-27,London,False
Lead Data Analyst,Harnham - Data & Analytics Recruitment,"London, UK","LEAD DATA ANALYST £65,000  Benefits LONDON (HYBRID) This is an opportunity to step into a high-impact Lead Data Analyst role where you shape data strategy, own end-to-end delivery, and influence senior stakeholders. You will work closely with performance-driven teams and have the freedom to build, innovate, and lead. The Company We are a fast-growing performance marketing and technology business that uses modern data tooling to drive commercial impact. Our focus is on building tailored analytic…",65000.0,65000.0,2026-03-24T16:07:30Z,https://www.adzuna.co.uk/jobs/land/ad/5676953780?se=nLBKGtcp8RG-M-N3yaR3bQ&utm_medium=api&utm_source=5731d18b&v=C4E80CD9407830EFFED09B4DA8CAA660B6DD9A2C,adzuna,2026-03-27,London,False
ECB Data Analyst,Adecco,"London, UK","ECB Data Analyst* (Contract) Duration: 6 Months (Possibility for extension) Location: London/Hybrid (3 days per week on site) Rate: A highly competitive Umbrella Day Rate is available for suitable candidates Role Profile The External Data Analyst will support the ECB Onboarding Programme by translating business and regulatory requirements into clear external data needs and mapping these to existing datasets, systems, and vendor sources. The role will work closely with business stakeholders, Tec…",104000.0,126100.0,2026-03-25T15:49:45Z,https://www.adzuna.co.uk/jobs/land/ad/5678133813?se=nLBKGtcp8RG-M-N3yaR3bQ&utm_medium=api&utm_source=5731d18b&v=30A7375B56841E75516B0507CECC0D51988A59D1,adzuna,2026-03-27,London,False
Technical Building Data Analyst,Key Talent Solutions,"Hatfield, Hertfordshire"," We’re Hiring: Technical Building Data Analysts Are you passionate about buildings, data, and sustainability? We’re looking for Technical Building Data Analysts to join a growing team working on innovative housing asset management projects across the UK.  Locations: Hatfield and Manchester (with hybrid opportunities available) atf  The Role In this role, you’ll work with large property datasets to support effective asset management and long-term planning for residential portfolios. Your work wi…",44220.56,44220.56,2026-03-16T00:07:04Z,https://www.adzuna.co.uk/jobs/land/ad/5668117446?se=nLBKGtcp8RG-M-N3yaR3bQ&utm_medium=api&utm_source=5731d18b&v=252C6D3F47F8FD5F5F0E9BDC7660D5E21FDE2EAC,adzuna,2026-03-27,Other UK,False
Client Data Analyst 1 - 12 Week Summer Internship,TP ICAP Group Services Ltd,"Belfast, Northern Ireland","Group Overview The TP ICAP Group is a world leading provider of market infrastructure. Our purpose is to provide clients with access to global financial and commodities markets, improving price discovery, liquidity, and distribution of data, through responsible and innovative solutions. Through our people and technology, we connect clients to superior liquidity and data solutions. The Group is home to a stable of premium brands. Collectively, TP ICAP is the largest interdealer broker in the wor…",52822.88,52822.88,2026-03-17T03:24:10Z,https://www.adzuna.co.uk/jobs/land/ad/5669139841?se=nLBKGtcp8RG-M-N3yaR3bQ&utm_medium=api&utm_source=5731d18b&v=EAAFD5965D9D214869375A7C07D4DB52245B041E,adzuna,2026-03-27,Other UK,False
Senior Data Analyst - eFinancialCareers Global,eFinancialCareers Global,"London, UK","The Opportunity: Help shape a Global Marketplace eFinancialCareers is the world’s leading financial services careers platform, connecting top talent with top employers in the banking, asset management, fintech, and financial technology sectors. With a global presence and unmatched industry insights, we connect the world’s leading financial services talent with global leaders in this space. We are a diverse company by design. We work collaboratively, share ideas and challenge conventional thinki…",84703.52,84703.52,2026-03-13T18:30:21Z,https://www.adzuna.co.uk/jobs/details/5663874595?utm_medium=api&utm_source=5731d18b,adzuna,2026-03-27,London,False
Marketing Data Analyst,Sphere Digital Recruitment,"London, UK","An exciting company in London is looking for a Marketing Data Analyst to join their growing Marketing & Growth team. Based in: London (remote-first with cross-functional collaboration) Hybrid: Up to 2-3 days a week in the office (flexible) Contract: 3-month temp-to-perm Start date: ASAP (can wait for up to a 3-month notice) The Job As the Marketing Data Analyst , your responsibilities will include: Delivering advanced marketing performance analysis across multi-channel campaigns, including CPA,…",53537.51,53537.51,2026-03-23T19:57:39Z,https://www.adzuna.co.uk/jobs/land/ad/5676162658?se=nLBKGtcp8RG-M-N3yaR3bQ&utm_medium=api&utm_source=5731d18b&v=5310A9B5D9BAA761729BBDABEEE525E457515D82,adzuna,2026-03-27,London,False
Data Analyst,Contechs Consulting Ltd,"Warwick, Warwickshire","Data Analyst 11-month contract Based in West Midlands £29.86 per hour (Inside IR35) *Applicants MUST have proof of immediate, on-going and valid eligibility, to work full time, and travel within, the UK* About the company I am currently recruiting on behalf of an automotive OEM, based in West Midlands, who are looking for a Data Analyst to join their team. Job Description As Data Analyst, your main responsibilities will include: Identify opportunities, improvements and gaps, in current reportin…",60028.0,62108.0,2026-03-24T01:01:06Z,https://www.adzuna.co.uk/jobs/details/5676408667?utm_medium=api&utm_source=5731d18b,adzuna,2026-03-27,Other UK,False
Data Analyst,Corecom,"Ossett, West Yorkshire","Data Analyst / Leeds (Hybrid) / £30,000 - £35,000  bonus Are you a Data Analyst who enjoys turning messy data into meaningful insight? Do you want the opportunity to modernise a company's entire data platform and help drive a business towards becoming truly data-driven? We're working with a growing organisation in Leeds that is investing in its data capability as part of a major modernisation programme. This role has been created to support the migration away from a legacy data platform and hel…",30000.0,35000.0,2026-03-20T18:53:59Z,https://www.adzuna.co.uk/jobs/details/5673269871?utm_medium=api&utm_source=5731d18b,adzuna,2026-03-27,Other UK,False
Data Analyst,Digital Waffle,"Edinburgh, Scotland","Role: Data Analyst (Insights & Analytics) Salary: £43k Location: Edinburgh, UK (90% Remote) We are seeking a Data Analyst focused on customer behaviour, adoption and value delivery to drive data-led decision making across our product and customer teams. This role works closely with our existing Product Data Analyst to create a strong analytics partnership, combining product usage insights with customer performance data to strengthen retention, growth and engagement. You will analyse how custome…",40000.0,43000.0,2026-03-19T00:42:01Z,https://www.adzuna.co.uk/jobs/details/5671425532?utm_medium=api&utm_source=5731d18b,adzuna,2026-03-27,Scotland,False
Data Analyst,Concept Resourcing,"Redhill, Surrey","Data Analyst (Junior to mid-level) Standard BPSS required to onboard Duration: 6 months Location: Remote working with 1 day per week in Redhill, Surrey £350.00 Per Day - Inside IR35 via Umbrella Our well established client in the consultancy space requires a UK based Data Analyst with experience of Data Manipulation and VB, to lead on planning data cut-over activities from Salesforce and SAP S/4HANA systems, into the customer's ERP system. The key area for the successful candidate will be stron…",78000.0,91000.0,2026-03-24T19:00:13Z,https://www.adzuna.co.uk/jobs/details/5677163744?utm_medium=api&utm_source=5731d18b,adzuna,2026-03-27,Other UK,False
Data Analyst,Planet Recruitment,"Oxfordshire, South East England",Role: Data Analyst Hybrid: 3 days in Office / 2 days home Location: Oxfordshire - Didcot Salary/Package: £30k - £45k Benefits: Holiday / Purchase Scheme - Private Medical Insurance / Pension Scheme / Volunteering / Flexible Working / Onsite Restaurant / Wellbeing / Support Groups / Health Checks. Who We Are Infineum is a world-class specialty chemicals company dedicated to groundbreaking specialty chemicals through innovative research. Our purpose is to create a sustainable future through innov…,30000.0,45000.0,2026-03-20T00:44:52Z,https://www.adzuna.co.uk/jobs/details/5672581352?utm_medium=api&utm_source=5731d18b,adzuna,2026-03-27,Other UK,False
Data Analyst,Civic Recruitment Limited,"Chalvey, Slough","3 month contract role with a Local Authority Job Summary: • Slough Borough Council is seeking a Data Analyst for a 12-week temporary contract to work primarily on Adult Services systems. • The role involves developing and maintaining dashboards, data pipelines, and technical infrastructure to support management information, KPIs, statutory reporting, and insights for evidence-based decision-making. • The postholder will work closely with colleagues across the Council to ensure high-quality, int…",308.0,308.0,2026-03-12T23:42:03Z,https://www.adzuna.co.uk/jobs/details/5663038967?utm_medium=api&utm_source=5731d18b,adzuna,2026-03-27,Other UK,False
Data Analyst,Zoopla,"London, UK","We follow a hybrid working style, with three days per week spent in our Tower Bridge office. Zoopla is one of the UK’s most instantly recognisable property brands. In fact, we’re known and loved by over 91% of the nation (and we’re working hard on the other 9%). Our mission is to help the nation make better home decisions - by connecting everyone to their home and giving them personalised insights to help with moving, managing or financing. Over 50 million people visit Zoopla every month to acc…",57882.28,57882.28,2026-02-24T14:53:46Z,https://www.adzuna.co.uk/jobs/details/5643666206?utm_medium=api&utm_source=5731d18b,adzuna,2026-03-27,London,False
Data Analyst,Avara Foods,"Turweston, Brackley","Who are we, and what do we do? You may not have heard of us, but there’s a good chance you’ve enjoyed our products. Avara Foods is one of the UK’s leading food businesses, supplying chicken and turkey to the country’s major supermarkets and well-known restaurants. We own and manage our entire supply chain, from farms to factory and all the way to the customer door – meaning we have careers that cover a whole range of functions. We have major processing sites across England and an agricultural n…",44852.09,44852.09,2026-02-25T15:10:33Z,https://www.adzuna.co.uk/jobs/land/ad/5644869790?se=nLBKGtcp8RG-M-N3yaR3bQ&utm_medium=api&utm_source=5731d18b&v=F60D418751B68CBA805367DC349D47D313656DA0,adzuna,2026-03-27,Other UK,False
Data Analyst,G-Research,"London, UK","We tackle the most complex problems in quantitative finance, by bringing scientific clarity to financial complexity. From our London HQ, we unite world-class researchers and engineers in an environment that values deep exploration and methodical execution - because the best ideas take time to evolve. Together we’re building a world-class platform to amplify our teams’ most powerful ideas. As part of our engineering team, you’ll shape the platforms and tools that drive high-impact research - des…",56635.39,56635.39,2026-03-26T10:09:27Z,https://www.adzuna.co.uk/jobs/land/ad/5679132312?se=nLBKGtcp8RG-M-N3yaR3bQ&utm_medium=api&utm_source=5731d18b&v=A61997E4C1D605B07C27031CF354B5E0515F262E,adzuna,2026-03-27,London,False
Data Analyst,MWH Treatment,"Stepps, North Lanarkshire","We are looking to strengthen our Data Management team with an Data Analyst based at the Stepps office with hybrid working available. You will report directly to the Head of Strategy and PMO, and the role purpose is to develop, implement, manage, continually review and refine ESD’s information governance of, and to promote good practice in, the management of all data pertaining to the measured performance of ESD's prescribed activities. Prepare and present reliable data for monthly Operational, …",48532.52,48532.52,2026-02-12T17:26:47Z,https://www.adzuna.co.uk/jobs/land/ad/5626266948?se=nLBKGtcp8RG-M-N3yaR3bQ&utm_medium=api&utm_source=5731d18b&v=E771DB0BC33412646F3271177719499E851A710A,adzuna,2026-03-27,Other UK,False
Data Analyst,Ferrovial,UK,"Join Ferrovial: Where Innovation Meets Opportunity Are you ready to elevate your career with a global leader in infrastructure solving complex problems and generating a positive outcome on people’s lives? At Ferrovial , we are not just a company; we are a community of innovators and trailblazers. Listed on three major stock markets: Nasdaq (US), Euronext Amsterdam (Netherlands) and IBEX 35 (Spain), we are also member of the Dow Jones Sustainability Index and FTSE4Good. We operate in more than 1…",35469.79,35469.79,2026-01-08T09:40:01Z,https://www.adzuna.co.uk/jobs/land/ad/5573614045?se=nLBKGtcp8RG-M-N3yaR3bQ&utm_medium=api&utm_source=5731d18b&v=FF5AA20F38FED1052DE7EED7937212EC57AFD33E,adzuna,2026-03-27,Other UK,False
Data Analyst,Premier Group Recruitment,"Earls Court, South West London","Job Description For more information about this role please apply, or email Thomas Coombs on tcoombs@pgrec.co.uk who will be able to provide more details on the opportunity. Many thanks, Premier Group",40557.4,40557.4,2026-03-14T10:20:24Z,https://www.adzuna.co.uk/jobs/land/ad/5665227552?se=nLBKGtcp8RG-M-N3yaR3bQ&utm_medium=api&utm_source=5731d18b&v=E7E060A5A677003ADECDA6BF15F085AAF930DA32,adzuna,2026-03-27,London,False
Data Analyst,Vision Recruitment Ltd,"Kempston, Bedford","Data Analyst - 6 months fixed term contract Bedford To £45,000 We are a Bedford based on line distributor with a leading presence in our industry. Due to continued growth, we are looking for an experienced Data Analyst to join our successful team and help drive our business through data led decision making. As our Data Analyst, you will be responsible for extracting data from various sources, transforming it into a digestible format and building intuitive reports that our teams can rely on. You…",40000.0,45000.0,2026-03-24T15:40:49Z,https://www.adzuna.co.uk/jobs/land/ad/5676937640?se=7sGuG9cp8RGtR4i3pnY7PQ&utm_medium=api&utm_source=5731d18b&v=AE1B6D6FF665A2DD0E9FF09823EC5B615C89FBF6,adzuna,2026-03-27,Other UK,False
Data Analyst,Opus Recruitment Solutions,"Farringdon, Central London","Data Analyst| Outside IR35 | £400 - £450 | 6 months | Hybrid London We’re supporting a large company who are seeking a Data Analyst to turn business and regulatory requirements into actionable metadata within our data platform. This role defines how business logic operates through configuration rather than code, ensuring rules and behaviours are implemented accurately and consistently. Key Responsibilities Convert business needs and regulatory requirements into metadata‑driven configuration. De…",104000.0,117000.0,2026-03-02T21:39:08Z,https://www.adzuna.co.uk/jobs/land/ad/5651714082?se=7sGuG9cp8RGtR4i3pnY7PQ&utm_medium=api&utm_source=5731d18b&v=5D82B85DEE63059AF6029E81F5D741EE7794C034,adzuna,2026-03-27,London,False
Data Analyst,Vehicle Data Global Ltd,"Chesterfield, Derbyshire","Data Analyst | Chesterfield | Starting at £26,000 Are you passionate about data and fascinated by cars and road vehicles? Ready to take the next step in your analytics career? We’re looking for a detail-driven Data Analyst to join our growing team at Vehicle Data Global Ltd in Chesterfield! Why Join Us? At Vehicle Data Global , we power the UK’s vehicle data industry. From cutting-edge VRM Lookup services to full vehicle history checks through our VDI Check platform, we deliver fast, reliable, …",25000.0,26000.0,2026-03-17T19:59:20Z,https://www.adzuna.co.uk/jobs/land/ad/5669783048?se=7sGuG9cp8RGtR4i3pnY7PQ&utm_medium=api&utm_source=5731d18b&v=9670F05AA1865DAACA359CC5E5E17F9C00B08F4B,adzuna,2026-03-27,Other UK,False
Data Analyst,Hays Technology,"Farringdon, Central London","Data Analyst - ETL, Power BI, PACE, Databricks, Sharepoint Up to £500 per day (Inside IR35 - Umbrella) My client is an International Consultancy who require a Data Analyst with demonstrable ETL and Data manipulation skills to play a key role in transforming data across multiple systems through the use of tools such as Power BI, Databricks and Sharepoint as well as PACE. Key Requirements: Demonstrable experience of working as a Data Analyst in a large, commercial organisation Proven expertise in…",117000.0,130000.0,2026-02-26T21:07:21Z,https://www.adzuna.co.uk/jobs/land/ad/5646627403?se=7sGuG9cp8RGtR4i3pnY7PQ&utm_medium=api&utm_source=5731d18b&v=8B3004E8290B0BF48D7C0303FA069B6B242DC147,adzuna,2026-03-27,London,False
Data Analyst,CPS Group  Limited,"Grangetown, Cardiff","Role: Data Analyst Location: Cardiff (Hybrid - Flexible) Salary: £35,000 - £45,000  Benefits CPS Group are supporting a growing Financial Services organisation in the search for a Data Analyst to join their expanding Pricing team. This is an excellent opportunity to join a highly data-driven business where analytics plays a central role in decision-making. You'll work on a variety of projects, helping shape pricing strategy and delivering meaningful insights that directly impact business perfor…",35000.0,45000.0,2026-03-25T15:45:41Z,https://www.adzuna.co.uk/jobs/land/ad/5678133025?se=7sGuG9cp8RGtR4i3pnY7PQ&utm_medium=api&utm_source=5731d18b&v=60C9D051CFF48AB9E36F4C8AC09521809AE4C31A,adzuna,2026-03-27,Other UK,False
Data Analyst,Owen Daniels,"Gloucester, Gloucestershire","Data Analyst (FTC / Contract) Gloucester - Hybrid – 3 days on site (Tuesday, Wednesday, Thursday) Fixed-Term Contract / Contract Overview We’re looking for a Data Analyst to join a Gloucester-based organisation on a fixed-term contract to support a number of key data initiatives across the business. This role will play a key part in improving reporting capability and supporting a new ERP programme , helping the business better extract, integrate and utilise data across multiple systems. This is…",50842.73,50842.73,2026-03-16T01:57:10Z,https://www.adzuna.co.uk/jobs/land/ad/5668204127?se=7sGuG9cp8RGtR4i3pnY7PQ&utm_medium=api&utm_source=5731d18b&v=0B277149296CD90EB467732D6E1F150291DC201D,adzuna,2026-03-27,Other UK,False
Data Analyst,Jackson Hogg,"Darlington, County Durham","emp Data Analyst – Healthcare Competitor Analysis Fully Remote | Immediate Start | 8 weeks Must have Healthcare sector experience  We need a hands-on data analyst to deliver a focused healthcare competitor analysis project. This is a short-term, fully remote role for someone who can quickly research, analyse and turn findings into clear insight and recommendations. What you’ll do Research healthcare competitors: offerings, pricing, USPs, locations, staffing and market presence Mine external sou…",33708.48,33708.48,2026-03-24T15:45:13Z,https://www.adzuna.co.uk/jobs/land/ad/5676938496?se=7sGuG9cp8RGtR4i3pnY7PQ&utm_medium=api&utm_source=5731d18b&v=36C32F30732DE13F4DAF01F94C06F76683281972,adzuna,2026-03-27,Other UK,False
Data Analyst,Oscar Technology,"Oxfordshire, South East England","Job Title: Data Analyst Location: Oxford (Hybrid - 2-3 days per week in office) Industry: Financial Services Salary: £50,000 - £60,000 DOE About the Role A well-known financial services company in Oxford is looking for a proactive Data Analyst to join their analytics team. This role is perfect for someone who enjoys digging into data, uncovering trends, and turning numbers into actionable business insights . You'll work on a variety of projects across finance, operations, and risk, helping to s…",50000.0,60000.0,2026-03-05T16:44:15Z,https://www.adzuna.co.uk/jobs/land/ad/5655091897?se=7sGuG9cp8RGtR4i3pnY7PQ&utm_medium=api&utm_source=5731d18b&v=E8736D87D7354CE9B0B9D148739364E889C29E72,adzuna,2026-03-27,Other UK,False
Data Analyst,TXP Technology x People,"Surrey, South East England","Data Analyst (Junior to mid-level) Standard BPSS required to onboard Duration: 6 months Location: Remote working with 1 day per week in Redhill, Surrey £350.00 Per Day - Inside IR35 via Umbrella Our well established client in the consultancy space requires a UK based Data Analyst with experience of Data Manipulation and VB, to lead on planning data cut-over activities from Salesforce and SAP S/4HANA systems, into the customer's ERP system. The key area for the successful candidate will be stron…",78000.0,91000.0,2026-03-24T15:51:43Z,https://www.adzuna.co.uk/jobs/land/ad/5676943881?se=7sGuG9cp8RGtR4i3pnY7PQ&utm_medium=api&utm_source=5731d18b&v=D0B9D0E76333CEEFADA14C27D43AEB89A397C8A8,adzuna,2026-03-27,Other UK,False
Data Analyst,Zorba Consulting Limited,"Blackpool Airport, Blackpool","Data Analyst required by high growth travel firm in Blackpool. Salary: £40,000 - £50,000 plus pension, 25 days holidays, opportunity to purchase more Location: Blackpool, Lancashire - Office Based 5 days a week Environment: Innovative, energetic and collaborative culture with regular training and development opportunities. Looking for a skilled and results-driven Data Analyst with hands-on experience in Power BI to join their data team. This role focuses on analytical insight and transforming c…",40000.0,50000.0,2026-03-09T18:12:36Z,https://www.adzuna.co.uk/jobs/land/ad/5659496124?se=7sGuG9cp8RGtR4i3pnY7PQ&utm_medium=api&utm_source=5731d18b&v=07436B8C78B8111DF9873D791C5B5BE8AE554D2B,adzuna,2026-03-27,Other UK,False
Data Analyst,Bristow Holland Ltd,"Heathwaen, Knockin","We are supporting a growing organisation that has recently secured a major operational contract and is now looking to recruit a Data Analyst to support its reporting and data capability. This role will involve working with large operational data sets, helping to transform raw spreadsheet data into structured reporting that supports operational performance and client reporting. You will play a key role in supporting the development and ongoing management of a new reporting environment built usin…",37500.0,45000.0,2026-03-11T20:31:41Z,https://www.adzuna.co.uk/jobs/land/ad/5662067321?se=7sGuG9cp8RGtR4i3pnY7PQ&utm_medium=api&utm_source=5731d18b&v=36D3C0678E70CDAED3AD1C8953C5C87477FBD40A,adzuna,2026-03-27,Other UK,False
Data Analyst,VolkerWessels UK Ltd,"Hoddesdon, Hertfordshire","VolkerFitzpatrick offers a range and depth of civil engineering, infrastructure and building services. We contribute to vital parts of the nation's life through projects of strategic importance, while delivering those less visible, yet essential, works required by both private and public sectors. We build, renew, maintain highways, airports, railway infrastructure, and commercial, industrial and educational buildings. A fantastic opportunity has become available for a Data Analyst to work withi…",44892.74,44892.74,2026-03-18T17:57:36Z,https://www.adzuna.co.uk/jobs/land/ad/5670894444?se=7sGuG9cp8RGtR4i3pnY7PQ&utm_medium=api&utm_source=5731d18b&v=EF3DFE000D85AD73AC80CF03D9F2746AA2E32B29,adzuna,2026-03-27,Other UK,False
Data Analyst,Lorien,"London, UK","Data Analyst (Snowflake) London/Edinburgh 6 Month Contract Via Umbrella Our UK leading banking client are looking for a Data Engineer to join their team on an initial 6-month contract. Key Skills: Snowflake Agile methodology and working within small multiskilled feature teams. Knowledge of older coding standards and practices. AWS Airflow, Python nice to have. If you find this opportunity intriguing and aligning with your skill set, we welcome the submission of your CV without Guidant, Carbon60…",54623.39,54623.39,2026-03-12T13:35:12Z,https://www.adzuna.co.uk/jobs/land/ad/5662365448?se=7sGuG9cp8RGtR4i3pnY7PQ&utm_medium=api&utm_source=5731d18b&v=8672B5C8D8A620FFB4E19FD16847C2D867A9CDA9,adzuna,2026-03-27,London,False
Data Analyst,Office Angels,"Bracknell, Berkshire","Office Angels are currently recruiting for a Data Analyst, for our client based in Bracknell, on a temporary basis. The Role: Data Analyst Hours: 9am - 5:30pm Hourly rate: £15.38ph Responsibilities: · Assist the regional marketing manager to analyse sales performance, market data, and customer insights to support decision making. · Provide forecasting support, including demand analysis and trend tracking. · Monitor competitor activity and market trends to support category planning. · Assist wit…",31990.0,31990.0,2026-03-09T13:15:49Z,https://www.adzuna.co.uk/jobs/land/ad/5659403468?se=7sGuG9cp8RGtR4i3pnY7PQ&utm_medium=api&utm_source=5731d18b&v=EA6A2ECBEBC51495A143BF7E0DBE37BCC0CA16F2,adzuna,2026-03-27,Other UK,False
Data Analyst,Hays Specialist Recruitment Limited,"Gainsborough, Lincolnshire","Data Analyst - Own the Insight in a Complex ERP Transformation Gainsborough (3-4 days on site) £40-45,000 If you're the kind of Data Analyst who likes stepping into something new, figuring things out quickly, and becoming the person everyone turns to for clarity, this is the kind of role that will energise you from day one.You'll be joining at one of the most interesting moments in a business's life: a major ERP transformation heading towards go live. The data landscape is big, complex and full…",40000.0,45000.0,2026-03-26T22:12:41Z,https://www.adzuna.co.uk/jobs/land/ad/5679738950?se=7sGuG9cp8RGtR4i3pnY7PQ&utm_medium=api&utm_source=5731d18b&v=3C6A9ADBAC27004069F87693C8054A1EE3EA8329,adzuna,2026-03-27,Other UK,False
Data Analyst,Ardour Associates Ltd,"Hampton Poyle, Kidlington","Job Title: Logging Data Analyst Location: Thames Valley Region Salary: £28,000 per annum Job Type: Full-Time Overview: An exciting opportunity has arisen for a Logging Data Analyst to join a market-leading utilities contractor specialising in water leakage detection and clean water network management. As a key member of the data team, you’ll play an essential role in identifying high-leakage areas, producing field information for technicians, and supporting the wider operations with data-driven…",28000.0,28000.0,2026-03-09T16:24:56Z,https://www.adzuna.co.uk/jobs/land/ad/5659469687?se=7sGuG9cp8RGtR4i3pnY7PQ&utm_medium=api&utm_source=5731d18b&v=DC19C59EFC323035A8B626EFAF3D91B5A8F192F1,adzuna,2026-03-27,Other UK,False
Data Analyst,Eclectic Recruitment,"Thorney, Peterborough","We’re delighted to be partnering with a fantastic business, based in Peterborough, in their search for a new Data Analyst. This is a full time position offering hybrid working. Main duties will include: * Collecting and analysing data sets to provide insights * Identifying trends and patterns within the data * Building data visualisations, dashboards and reports * Automating data reporting to reduce manual workload * Working with a host of stakeholders across the business * Supporting training …",28000.0,38000.0,2026-01-07T15:54:44Z,https://www.adzuna.co.uk/jobs/land/ad/5571499875?se=7sGuG9cp8RGtR4i3pnY7PQ&utm_medium=api&utm_source=5731d18b&v=8D28AE79B8850B749114E0010D0979C40AC0D0D5,adzuna,2026-03-27,Other UK,False
Data Analyst,Experis,"The City, Central London","Data Analyst Onsite Requirements: Remote Start Date: ASAP Role Duration: 1 year Clerance Requirements: Active SC clearance Inside IR35 - umbrella only Role Description: We're looking for a Data Engineer whose main focus is understanding and documenting existing systems, with the goal of supporting decommissioning activities. The role centres on analysing current solutions built using Java, Node JS, and React, and developing a clear, end to end picture of how data flows across the wider programm…",130000.0,132600.0,2026-03-18T13:55:08Z,https://www.adzuna.co.uk/jobs/land/ad/5670704770?se=7sGuG9cp8RGtR4i3pnY7PQ&utm_medium=api&utm_source=5731d18b&v=A9E7CB9AD8DA8AC01E8305B37B0E17D47C840B0B,adzuna,2026-03-27,London,False
Data Analyst,FERROVIAL CONSTRUCTION  LIMITED,"Farringdon, Central London","Data Analyst The Data Analyst plays a key role on a large-scale infrastructure project, focusing on the development and ongoing maintenance of the project’s connected digital environment. The role involves analysing data to support decision-making and ensure project objectives are met. You will work closely with information management and project controls teams, using data to improve project efficiency and support digital transformation initiatives. You will join the FBRS (Ferrovial BAM Joint V…",45157.46,45157.46,2025-12-23T22:42:25Z,https://www.adzuna.co.uk/jobs/land/ad/5553640587?se=7sGuG9cp8RGtR4i3pnY7PQ&utm_medium=api&utm_source=5731d18b&v=8A7840CE89EE4324FFDD7F72544BAEA0B6936C0C,adzuna,2026-03-27,London,False
Data Analyst,Prestige Recruitment Specialists,"Brough, East Riding Of Yorkshire","Job Title: Data Analyst Reporting to: Business Solutions Manager Division / Department / Team: Group IT Salary: £35-£40,000k Location: Brough Job Purpose The purpose of this role is to work within the Business Solutions team to prepare, clean, and analyse data. The role involves regular communication with colleagues at all levels across the organisation. The successful candidate will be expected to understand underlying SQL databases, identify and deliver methods for gathering data from multipl…",35000.0,40000.0,2026-03-26T16:13:55Z,https://www.adzuna.co.uk/jobs/land/ad/5679326913?se=7sGuG9cp8RGtR4i3pnY7PQ&utm_medium=api&utm_source=5731d18b&v=ED5724AF795D0B2B85B11B9340F93BEC39474612,adzuna,2026-03-27,Other UK,False
Data Analyst,Elite Hiring Solution,"Humberstone, Leicester","Our client, a leading organisation in the data and insights sector, is offering an exciting opportunity for graduates eager to begin their career in data analytics. As a Data Analyst, you’ll contribute to a range of projects involving data collection, processing, and analysis across multiple business areas, helping transform raw data into meaningful insights. This role offers hands-on experience with real-world datasets, enabling you to build your technical and analytical skills while supportin…",25000.0,30000.0,2026-03-06T17:03:25Z,https://www.adzuna.co.uk/jobs/land/ad/5656415660?se=7sGuG9cp8RGtR4i3pnY7PQ&utm_medium=api&utm_source=5731d18b&v=7CDB08A3743865DC15C180A9B42FA84F1307BFF0,adzuna,2026-03-27,Other UK,False
Data Analyst,Post Recruitment Ltd,"Wakefield, West Yorkshire","Are you a detail-driven Data Analyst with strong Power BI expertise and a passion for improving how businesses use data? We are recruiting for a Data Analyst to join a growing organisation in a hybrid role based in Wakefield, offering a salary of up to £34,000. This Data Analyst opportunity is ideal for someone who enjoys building reporting frameworks, enhancing data visibility, and supporting strategic decision-making. The Role As a Data Analyst , you will take ownership of reporting processes…",30000.0,32000.0,2026-03-24T18:00:37Z,https://www.adzuna.co.uk/jobs/details/5677147295?utm_medium=api&utm_source=5731d18b,adzuna,2026-03-27,Other UK,False
Data Analyst,POST recruitment,"Kirkhamgate, Wakefield","Are you a detail driven Data Analyst with strong Power BI expertise and a passion for improving how businesses use data? We are recruiting for a Data Analyst to join a growing organisation in a hybrid role based in Wakefield, offering a salary of up to £34,000. This Data Analyst opportunity is ideal for someone who enjoys building reporting frameworks, enhancing data visibility, and supporting strategic decision-making. The Role As a Data Analyst, you will take ownership of reporting processes …",30000.0,32000.0,2026-03-23T21:46:12Z,https://www.adzuna.co.uk/jobs/land/ad/5676324763?se=7sGuG9cp8RGtR4i3pnY7PQ&utm_medium=api&utm_source=5731d18b&v=76B54A402CE0D3C2D2D0B45BC581A3FD32291B9E,adzuna,2026-03-27,Other UK,False
Data Analyst,JOB SWITCH LTD,"Bexleyheath, Kent","Purpose of the job Data Analyst To provide the Councils Management Board with accurate, relevant and timely data, research and performance information that contributes to a culture of continuous improvement, enhanced efficiency and evidence-based decision-making in the Council. This role is to support Childrens Services, in particular Education. Any experience of supporting the School Census return, CME/EHE return and Key Stage Collections would be useful. Also, prior experience of using Educat…",35360.0,35360.0,2026-03-25T14:43:42Z,https://www.adzuna.co.uk/jobs/details/5678124142?utm_medium=api&utm_source=5731d18b,adzuna,2026-03-27,Other UK,False
Data Analyst,Travail Employment Group,"Dunham-On-Trent, Newark","Data Analyst Newark Full Time Permanent C£27K - £32K DOE Our client, a leader player in their sector is seeking a Data Analyst to join their business team. Working from a modern open plan office in Newark they are looking for a confident Data Analyst that wants to be rewarded for hard work and commitment. * Find and process data and gather sector insights – creating visual reports. * Analyse client performance and create reports on core KPIs or new product reports. * Produce reports and analysi…",27000.0,32000.0,2026-03-23T19:37:02Z,https://www.adzuna.co.uk/jobs/land/ad/5676148969?se=7sGuG9cp8RGtR4i3pnY7PQ&utm_medium=api&utm_source=5731d18b&v=4D09C2C0C6346CCABB3829EB87F3DC53C6ECA3FD,adzuna,2026-03-27,Other UK,False
Data Analyst,Technical Prospects,"Bradford, West Yorkshire","Data Analyst Offering £40,000 - £45,000 basic salary Location: Bradford (Hybrid – 3 Days Office Based) Our client is an established B2B IT company based in West Yorkshire. Due to continued growth, they are currently recruiting a Data Analyst to own and deliver daily, weekly, and monthly commercial performance reporting for senior management and sales teams. The successful candidate will be commercially minded, confident engaging with the business, be focused on turning data into actionable insi…",40000.0,45000.0,2026-03-26T22:08:39Z,https://www.adzuna.co.uk/jobs/details/5679735872?utm_medium=api&utm_source=5731d18b,adzuna,2026-03-27,Other UK,False
Data Analyst,Technical Prospects Ltd,"West Yorkshire, Yorkshire And The Humber","Data Analyst Offering £40,000 - £45,000 basic salary Location: Bradford (Hybrid – 3 Days Office Based) Our client is an established B2B IT company based in West Yorkshire. Due to continued growth, they are currently recruiting a Data Analyst to own and deliver daily, weekly, and monthly commercial performance reporting for senior management and sales teams. The successful candidate will be commercially minded, confident engaging with the business, be focused on turning data into actionable insi…",40000.0,45000.0,2026-03-26T16:28:01Z,https://www.adzuna.co.uk/jobs/details/5679333483?utm_medium=api&utm_source=5731d18b,adzuna,2026-03-27,Other UK,False
Data Analyst,Absolute Recruit,"Luton, Bedfordshire","Data Analyst Luton (Fully Office-Based)£45,000 – £50,000 We’re working with a fast-growing, innovative business based in Luton that is investing heavily in its data capabilities. As part of their continued expansion, they are looking to appoint a Data Analyst to play a key role in transforming how the business uses data to drive decisions. This is a fantastic opportunity to join a forward-thinking organisation at an exciting stage of growth, where you’ll have the chance to introduce new tools, …",45000.0,50000.0,2026-03-24T17:57:16Z,https://www.adzuna.co.uk/jobs/details/5677146226?utm_medium=api&utm_source=5731d18b,adzuna,2026-03-27,Other UK,False
Data Analyst,Method-Resourcing,"London, UK",Data Analyst l Oracle l Onprem l excel l PowerBI l Reporting l Banking l Financial services l Stakeholder management l £375 PD l Outside IR35 l 3 months l London I'm currently on the lookout for a data analyst to help one of my banking clients to extract data from their on-prem Oracle DB into PowerBI (along with other areas such as excel spreadsheets) Key Experience: Expert in dashboarding and knowledge around Business intelligence tools specifically with PowerBI Strong background in extracting…,0.0,97500.0,2026-02-23T14:29:47Z,https://www.adzuna.co.uk/jobs/details/5642462516?utm_medium=api&utm_source=5731d18b,adzuna,2026-03-27,London,False
Data Analyst,Vehicle Data Global Ltd.,"Chesterfield, Derbyshire","Data Analyst | Chesterfield | Starting at £26,000 Are you passionate about data and fascinated by cars and road vehicles? Ready to take the next step in your analytics career? Were looking for a detail-driven Data Analyst to join our growing team at Vehicle Data Global Ltd in Chesterfield! Why Join Us? At Vehicle Data Global , we power the UKs vehicle data industry. From cutting-edge VRM Lookup services to full vehicle history checks through our VDI Check platform, we deliver fast, reliable, an…",35000.0,35000.0,2026-03-17T22:39:39Z,https://www.adzuna.co.uk/jobs/details/5670092156?utm_medium=api&utm_source=5731d18b,adzuna,2026-03-27,Other UK,False
Data Analyst,Venture Recruitment Partners,"Guildford, Surrey","Venture Recruitment Partners have been asked to help a fast paced business recruit a Data analyst for a short term contract. This role will work closely with the operational finance team to help them through their year end audit. Based in Guildford, this role is 5 days a week in the office. 6 - 8 weeks with a chance to extend. Data Analyst Key Responsibilities: - Sort large volumes of data from various systems- Upload valid data to external systems- Collaborate with the wider finance team Data …",37440.0,49920.0,2026-03-17T01:39:31Z,https://www.adzuna.co.uk/jobs/details/5669072549?utm_medium=api&utm_source=5731d18b,adzuna,2026-03-27,Other UK,False
Data Analyst,Contechs Consulting,"Guys Cliffe, Warwick","Data Analyst 11-month contract Based in West Midlands £29.86 per hour (Inside IR35) *Applicants MUST have proof of immediate, on-going and valid eligibility, to work full time, and travel within, the UK* About the company I am currently recruiting on behalf of an automotive OEM, based in West Midlands, who are looking for a Data Analyst to join their team. Job Description As Data Analyst, your main responsibilities will include: Identify opportunities, improvements and gaps, in current reportin…",60028.0,62108.0,2026-03-23T17:41:16Z,https://www.adzuna.co.uk/jobs/details/5676126351?utm_medium=api&utm_source=5731d18b,adzuna,2026-03-27,Other UK,False
Data Analyst,Ernest Gordon Recruitment,"Wadebridge, Cornwall","Data Analyst £25,000 - £35,000  Progression  Company benefits Wadebridge Are you a Data Analyst with a background working in solar, electrical, construction or similar looking for a brand-new position within an expanding team focused on pushing for a sustainable future, providing you with the opportunity to progress and grow with the business, whilst having access to fantastic company benefits? On offer is the opportunity to join a company at the forefront of the renewable energy sector offerin…",35000.0,35000.0,2026-03-09T14:35:53Z,https://www.adzuna.co.uk/jobs/details/5659436266?utm_medium=api&utm_source=5731d18b,adzuna,2026-03-27,Other UK,False
Data Analyst,Corecom Consulting,"Ossett, West Yorkshire","Data Analyst / Leeds (Hybrid) / £30,000 - £35,000  bonus Are you a Data Analyst who enjoys turning messy data into meaningful insight? Do you want the opportunity to modernise a company's entire data platform and help drive a business towards becoming truly data-driven? We're working with a growing organisation in Leeds that is investing in its data capability as part of a major modernisation programme. This role has been created to support the migration away from a legacy data platform and hel…",30000.0,35000.0,2026-03-05T19:47:31Z,https://www.adzuna.co.uk/jobs/land/ad/5655171601?se=7sGuG9cp8RGtR4i3pnY7PQ&utm_medium=api&utm_source=5731d18b&v=7866972936F000B3CC04A336FBD478D00D35C511,adzuna,2026-03-27,Other UK,False
Data Analyst,Symmetric Recruitment Ltd,"Pillaton, Saltash","Data Analyst Location: Plymouth Salary: £35,000 – £40,000 per annum Overview A leading maritime business in Plymouth is seeking a Data Analyst to support project and operational teams by analysing, tracking, and reporting key business data. Working closely with the Commercial Lead, Finance team, and project stakeholders, this role will focus on maintaining high-quality data, developing meaningful reports, and generating insights that support informed decision-making across major projects. This …",35000.0,40000.0,2026-03-16T19:59:53Z,https://www.adzuna.co.uk/jobs/details/5668795636?utm_medium=api&utm_source=5731d18b,adzuna,2026-03-27,Other UK,False
Data Analyst,Ashdown Group,"Dartford, Kent","A well-established business is looking for a Data Analyst to join its team, based in Dartford, Kent. Please note that this role requires the chosen candidate to be based in the office 5 days per week. You will assist in the development of systems to improve efficiency and to continually improve the quality of data collection and dissemination. You will liaise with key stakeholders to capture requirements and then use technology to analyse and present data in readily accessible formats. In order…",35000.0,35000.0,2026-02-27T22:27:45Z,https://www.adzuna.co.uk/jobs/details/5647770939?utm_medium=api&utm_source=5731d18b,adzuna,2026-03-27,Other UK,False
Data Analyst,Jackson Hogg Ltd,"Ingleton, Darlington","emp Data Analyst – Healthcare Competitor Analysis Fully Remote | Immediate Start | 8 weeks Must have Healthcare sector experience  We need a handson data analyst to deliver a focused healthcare competitor analysis project. This is a short-term, fully remote role for someone who can quickly research, analyse and turn findings into clear insight and recommendations. What you’ll do * Research healthcare competitors: offerings, pricing, USPs, locations, staffing and market presence * Mine external …",33898.68,33898.68,2026-03-24T13:38:06Z,https://www.adzuna.co.uk/jobs/land/ad/5676896237?se=7sGuG9cp8RGtR4i3pnY7PQ&utm_medium=api&utm_source=5731d18b&v=8D1678EA815E335C22077BF913DBD09205ADAD36,adzuna,2026-03-27,Other UK,False
Data Analyst,TALENT INTERNATIONAL UK LTD,UK,"Job Description: Data Analyst, Government Department. Remote / Midlands. Inside IR35. Our client is looking for an experienced Data Analyst who has worked in Central Government / Public Sector environments to work on a brand new AI-focused project in a DDaT, Agile environment. Data analysis expertise in this programme is needed to map the current use of data in the Department and consider options for improving first party data collection / analysis to support future marketing In this role, you …",117000.0,117000.0,2026-03-22T22:38:39Z,https://www.adzuna.co.uk/jobs/details/5675565496?utm_medium=api&utm_source=5731d18b,adzuna,2026-03-27,Other UK,False
Data Analyst,Morson Edge,"Wakefield, West Yorkshire","Data Analyst Currently looking for a skilled Data Analyst to join an established organisation with a growing BI function. You will engage with a stakeholders across the organisation to develop and maintain SQL and SSRS reports, support Power BI dashboards and enable decision-making across the business. Ultimately, making data a key enabler for both operational decisions and customer-facing insights. Key Responsibilities Develop and maintain reports using SQL, SSRS and Power BI Deliver accurate …",45000.0,45000.0,2026-03-25T22:41:27Z,https://www.adzuna.co.uk/jobs/details/5678559561?utm_medium=api&utm_source=5731d18b,adzuna,2026-03-27,Other UK,False
Data Analyst,Zorba Consulting,"Blackpool, Lancashire","Data Analyst required by high growth travel firm in Blackpool. Salary: £40,000 -£50,000 plus pension, 25 days holidays, opportunity to purchase more Location: Blackpool, Lancashire - Office Based 5 days a week Environment: Innovative, energetic and collaborative culture with regular training and development opportunities. Looking for a skilled and results-driven Data Analyst with hands-on experience in Power BI to join their data team. This role focuses on analytical insight and transforming co…",50000.0,50000.0,2026-03-09T22:33:44Z,https://www.adzuna.co.uk/jobs/details/5659707858?utm_medium=api&utm_source=5731d18b,adzuna,2026-03-27,Other UK,False
Data Analyst,Global Media Group,"London, UK","Accepting applications until: 27 March 2026 Job Description Your new role: Data Analyst We’re looking for a mid-level Data Analyst with 3–5 years of commercial experience in a data analytics role , ideally within a fast-paced, data-driven business. As a Data Analyst at Global, you’ll combine your curiosity for insight and your enthusiasm for delivering effective analytical solutions to help evolve Global’s market-leading business. Key Responsibilities Building analytical solutions to meet compl…",51375.57,51375.57,2026-02-18T17:38:53Z,https://www.adzuna.co.uk/jobs/details/5634741854?utm_medium=api&utm_source=5731d18b,adzuna,2026-03-27,London,False
Data Analyst,Trust Housing Association Limited,"Juniper Green, Edinburgh","We're looking for a Data Analyst to help shape high-quality, data driven decision making across the Trust. You will join us on a full time, permanent basis and in return, you will receive a competitive salary of £40,313 to £43,589 (pay award pending). Location: Flexible/ Hybrid (Edinburgh/Glasgow) About Trust Housing: Trust Housing Association is a national housing, support and care provider, offering a range of accommodation and support services. Primarily serving older people in our communiti…",40000.0,40000.0,2026-02-19T14:01:34Z,https://www.adzuna.co.uk/jobs/details/5636044973?utm_medium=api&utm_source=5731d18b,adzuna,2026-03-27,Scotland,False
Data Analyst,Fuel Recruitment Limited,UK,"Data Analyst – Remote - Permanent – Up to £35,000 Per Annum  Benefits Fuel Recruitment is supporting a rapidly growing organisation within the full‑fibre broadband sector, currently seeking a Data Analyst to support delivery performance, reporting, and operational insight. This is an excellent opportunity to join a business where your analysis will directly influence strategic decisions and help drive smarter, faster programme execution. The client is a rapidly growing full‑fibre broadband prov…",30000.0,35000.0,2026-03-20T15:20:51Z,https://www.adzuna.co.uk/jobs/land/ad/5673149968?se=vLshHdcp8RGbNbAAjXZl8g&utm_medium=api&utm_source=5731d18b&v=6042F314E59EE105CCA8CD1FC1A85396EBA8E098,adzuna,2026-03-27,Other UK,False
Data Analyst,HAYS Specialist Recruitment,"Banbridge, County Down","A great opportunity has opened for a Data Analyst to join a growing organisation delivering innovative, prefabricated energy and building service solutions across the UK and is a FULLY on-site role, Monday-Friday, based in a modern head office environment. The RoleYou'll support the Senior Data Analyst and wider analytics team by preparing accurate reports, building dashboards, analysing trends and helping the business make data-driven tasks include: Cleaning and preparing data using Excel, Pow…",40000.0,40000.0,2026-03-23T03:32:46Z,https://www.adzuna.co.uk/jobs/details/5675731309?utm_medium=api&utm_source=5731d18b,adzuna,2026-03-27,Other UK,False
Data Analyst,BAM UK & Ireland,"Glasgow, Scotland","Building a sustainable tomorrow BAM UK & Ireland has an exciting opportunity for a Data Analyst to support the development, optimisation, and maintenance of data within the Kilsyth, Scotland office. As a Data Analyst, you will design data modelling processes, analyse the data, and share insights with peers. The Data Analyst shall work closely with assigned business stakeholders to understand their goals and determine how data can be used to achieve those goals. The role involves collaborating w…",41135.08,41135.08,2026-03-23T22:39:11Z,https://www.adzuna.co.uk/jobs/details/5676356348?utm_medium=api&utm_source=5731d18b,adzuna,2026-03-27,Scotland,False
Data Analyst,EightMoose.com,"South East London, London","Our client, a leading organisation in the data and insights sector, is seeking a Data Analyst to join their growing analytics team. This role is ideal for graduates or early-career professionals looking to begin or develop their career in data analytics. As a Data Analyst, you will support the collection, preparation, and analysis of data to help teams better understand performance, trends, and business opportunities. Working alongside experienced analysts, you will contribute to reports, dashb…",30000.0,30000.0,2026-03-06T22:32:39Z,https://www.adzuna.co.uk/jobs/details/5656847192?utm_medium=api&utm_source=5731d18b,adzuna,2026-03-27,London,False
Data Analyst,Waythrough,UK,"Data Analyst Location: South Tyneside & County Durham (Hybrid 2 days per week) Salary: £ 29,880 - £38,180 per annum Contract Type / Hours: Permanent, 37 Hours The successful candidate will be working 2 days per week in the office. Please do not apply if you can not accommodate this request. Covering Letter is needed when applying. Please note: The salary listed reflects the full earning potential for this role. Starting salaries depend on experience and progression within the band. About Waythr…",29880.0,38180.0,2026-03-19T10:25:22Z,https://www.adzuna.co.uk/jobs/details/5671808495?utm_medium=api&utm_source=5731d18b,adzuna,2026-03-27,Other UK,False
Data Analyst,Bibby Financial Services,"Kings Sutton, Banbury","Data Analyst Up to £60,000 Flexible Location | Hybrid working with frequent travel to Banbury required Have you ever looked at a messy dataset and thought there’s something in here? Not just numbers, rows and columns but patterns and opportunities. Answers that could actually change how a business works… that’s exactly what this role is about. The role This isn’t a “run a few reports and call it a day” kind of Data Analyst job. You’ll be right at the heart of a growing data function, helping sh…",50000.0,60000.0,2026-03-26T01:17:15Z,https://www.adzuna.co.uk/jobs/details/5678734582?utm_medium=api&utm_source=5731d18b,adzuna,2026-03-27,Other UK,False
Data Analyst,Climate Policy Initiative,"Whitechapel, East London","Role: Data Analyst Location: London Reports to: Senior Data Analyst Contract: Permanent, Full Time Salary Range: £39,000 - £45,000 per annum (depending on experience) Updated: March 2026 About CPI CPI is an analysis and advisory organization with deep expertise in finance and policy. Our mission is to help governments, businesses, and financial institutions drive economic growth while addressing climate change. CPI has six offices around the world in Austria, Brazil, India, Indonesia, South Afr…",39000.0,45000.0,2026-03-22T10:17:31Z,https://www.adzuna.co.uk/jobs/details/5675143498?utm_medium=api&utm_source=5731d18b,adzuna,2026-03-27,London,False
Data Analyst,Trainline,"London, UK","About us We are champions of rail, inspired to build a greener, more sustainable future of travel. Trainline enables millions of travellers to find and book the best value tickets across carriers, fares, and journey options through our highly rated mobile app, website, and B2B partner channels. Great journeys start with Trainline  Now Europe’s number 1 downloaded rail app, with over 125 million monthly visits and £5.9 billion in annual ticket sales, we collaborate with 270 rail and coach compan…",50000.0,60000.0,2026-03-18T10:03:31Z,https://www.adzuna.co.uk/jobs/details/5670533131?utm_medium=api&utm_source=5731d18b,adzuna,2026-03-27,London,False
Data Analyst,Recovery Focus,UK,"Data Analyst Location: South Tyneside & County Durham (Hybrid 2 days per week) Salary: £29,880 - £38,180 per annum Contract Type / Hours: Permanent, 37 Hours The successful candidate will be working 2 days per week in the office. Please do not apply if you can not accommodate this request. Covering Letter is needed when applying. Please note: The salary listed reflects the full earning potential for this role. Starting salaries depend on experience and progression within the band. About Waythro…",26825.78,26825.78,2026-03-17T20:52:43Z,https://www.adzuna.co.uk/jobs/details/5669964649?utm_medium=api&utm_source=5731d18b,adzuna,2026-03-27,Other UK,False
Data Analyst,N Consulting Ltd,"Edinburgh, Scotland","Role: Data Analyst (Tableau Developer) Location: Edinburgh (Hybrid – 3 days/week onsite) Experience: 4-7 yrs ILR / Citizens only Must‑have Technical Skills: SQL (Python preferred) Strong Snowflake development (writing/running code, extracting results) Advanced Tableau development (calculations, filters, conditions, logic, dashboard redevelopment/enhancements) Basic Excel Regulatory reporting experience Critical Additional Skills: Data transformation Migration of Tableau processes across domains…",65000.0,78000.0,2026-03-18T07:26:29Z,https://www.adzuna.co.uk/jobs/details/5670435554?utm_medium=api&utm_source=5731d18b,adzuna,2026-03-27,Scotland,False
Data Analyst,Data Careers,"Rugby, Warwickshire","Data Analyst Permanent Location: Home / Rugby (2 - 3 days a week onsite) Salary: £35,000 - £40,000 ( benefits) Power BI, SQL, Data Modelling, Dashboard Development, Stakeholder Engagement We are looking to recruit a Data Analyst with good Power BI skills for a leading data & analytics consultancy. This is an excellent opportunity for a Power BI professional with a genuine interest and passion for data looking to take the next step in their career. This organisation partners with well-known bran…",40000.0,40000.0,2026-03-04T22:25:34Z,https://www.adzuna.co.uk/jobs/details/5654340799?utm_medium=api&utm_source=5731d18b,adzuna,2026-03-27,Other UK,False
Data Analyst,Startup Talents,"Farringdon, Central London","The employer is a cryptocurrency launchpad for the Solana blockchain that enables users to create tokens and trade them immediately on the platform, as well as to launch them onto decentralized exchanges. With over 6 million meme coins launched on the platform, it is one of the fastest-growing crypto applications and one of the biggest drivers of the explosive growth in memecoins on the planet. MISSIONS As a Data Analyst, your role is to support data initiatives across the company's product, he…",58725.25,58725.25,2026-03-12T23:35:08Z,https://www.adzuna.co.uk/jobs/details/5663035064?utm_medium=api&utm_source=5731d18b,adzuna,2026-03-27,London,False
Data Analysts,BANSI GLOBAL SOLUTIONS LTD,"London, UK","We are seeking a detail-oriented and analytical Data Analyst to join our team. The ideal candidate will be responsible for collecting, processing, and analyzing data to help drive informed business decisions. You will work closely with cross-functional teams to identify trends, develop insights, and present findings in a clear and actionable manner. A strong understanding of data visualization, statistical analysis, and problem-solving is essential for success in this role. Daily Duties and Res…",32000.0,34000.0,2026-03-26T11:28:41Z,https://www.adzuna.co.uk/jobs/details/5679206433?utm_medium=api&utm_source=5731d18b,adzuna,2026-03-27,London,False
Data Analyst,CRSI,UK,"Job Title: Data Analyst Role Overview: Irresistible Materials, an innovative electronic materials company, is seeking a skilled and technically proficient data analyst to support the development of photoresists for the Extreme Ultraviolet (EUV) lithography sector. The ideal candidate will have a strong academic background and relevant work experience in data manipulation, processing and analysis, and a highly collaborative working style. This role involves the key responsibility to self-manage …",58923.06,58923.06,2025-12-19T09:33:29Z,https://www.adzuna.co.uk/jobs/details/5548411200?utm_medium=api&utm_source=5731d18b,adzuna,2026-03-27,Other UK,False
Data Analyst,S. Norton & Co Ltd,"Liverpool, Merseyside","Job Summary: The Data Analyst is a pivotal role in harnessing data to drive decision-making and operational improvements across the Group. This position involves gathering, organising, analysing, and presenting data to support key stakeholders. By producing insightful reports, dashboards, and visualisations, the Data Analyst enables stakeholders to understand their areas of control and identify opportunities for growth and efficiency. Additionally, you will collaborate with directors and manage…",35000.0,35000.0,2026-03-23T22:39:11Z,https://www.adzuna.co.uk/jobs/details/5676356347?utm_medium=api&utm_source=5731d18b,adzuna,2026-03-27,Other UK,False
Data Analyst,idfc first bank,UK,"Role/Job Title: Data Analyst - HPE Business : New Age Function/ Department: HPE -Data & Analytics Place of work: Mumbai Roles & Responsibilities Identify and scope business requirements and priorities through rigorous information gathering and analysis as well as clarification of the solutions, initiatives and program to enable effective delivery. Design analytics techniques to meet current and future business needs. Robust understanding of data and fields required or analysis. Understanding of…",37006.62,37006.62,2025-05-22T08:55:30Z,https://www.adzuna.co.uk/jobs/details/5210489672?utm_medium=api&utm_source=5731d18b,adzuna,2026-03-27,Other UK,False
Data Analyst,Capsticks Solicitors LLP,"Holbeck, Leeds","Location : Leeds Hybrid Working THE TEAM This role sits within the finance division which is based in Leeds. There are 35 people in the wider finance division which consists of 5 teams, client matter inception, billing, credit control, cashiering and reporting. The ROLE We are seeking a highly skilled Data Analyst / Reporting Specialist to support with high quality data analysis, reporting, dashboard development, and financial insights. This role is ideal for someone who is strong with Excel, e…",41880.96,41880.96,2026-03-25T01:19:09Z,https://www.adzuna.co.uk/jobs/details/5677588438?utm_medium=api&utm_source=5731d18b,adzuna,2026-03-27,Leeds,False
Data Analyst,Recruiter,"Reading, Berkshire","We are looking for a detail-oriented, confident, and highly analytical Data Analyst to play a key role in the successful transition of our reporting and analytics capability to SAP SuccessFactors. You will be instrumental in documenting current reporting, defining future analytics needs, and ensuring regulatory and historical reporting integrity throughout the transition. This role sits within the Data Team in the Business Intelligence (BI) division and supports a critical business transformati…",0.0,64000.0,2026-03-20T23:50:39Z,https://www.adzuna.co.uk/jobs/details/5673663460?utm_medium=api&utm_source=5731d18b,adzuna,2026-03-27,Other UK,False
Data Analyst,wipro,UK,"Role Title Data Analyst Reports To Project Manager/ Database Lead Direct Reports NA Indirect Reports (Upto N-2) NA Role Purpose The purpose of this role is to interpret data and turn intoinformation (reports, dashboards, interactive visualizations etc) whichcan offer ways to improve a business, thus affecting business decisions. Do Primary role is to Create customized dashboards for Mapping PgMs/leads on requirement basis, Analyze trends in data and create reports around them, Suggest FRs in ma…",35895.91,35895.91,2025-05-22T08:54:18Z,https://www.adzuna.co.uk/jobs/details/5210480071?utm_medium=api&utm_source=5731d18b,adzuna,2026-03-27,Other UK,False
Data Analyst,Brakes Group,UK,"Data Analyst Sysco International Remote - UK or Ireland Based ​​​​​​​ The Data Analyst role will work closely with Sysco International Site/BT teams to gather, analyse, cleanse and standardize all sources of master data as needed within Site/Global initiatives in an effort to improve the quality of Sysco’s data and drive harmonization. Positioned within the Sysco International Merchandising structure, you will be working alongside other Sysco International teams as well as functions within Sysc…",43417.32,43417.32,2023-05-11T21:03:34Z,https://www.adzuna.co.uk/jobs/details/4094618894?utm_medium=api&utm_source=5731d18b,adzuna,2026-03-27,Other UK,False
Data Analyst,Everyturn,"North Gosforth, Newcastle Upon Tyne","We are excited to be looking for a highly skilled Data Analyst to join our dynamic Digital Team (IT)! This is a full-time, permanent position. This is a hybrid role, and requires someone who is currently based in the North East. This role is not eligible for sponsorship as is does not meet the requirements as set out by the UK Visa and Immigration Service As a Data Analyst, you will be responsible for compiling, analysing, and reporting data to support operational services and strategic decisio…",37204.0,43017.0,2026-03-17T23:06:42Z,https://www.adzuna.co.uk/jobs/details/5670100732?utm_medium=api&utm_source=5731d18b,adzuna,2026-03-27,Other UK,False
Data Analyst,AustralianSuper,"London, UK","Description Data Analyst Location: London, King’s Cross (Hybrid) Employment Type: Full‑Time, Permanent Enable high‑quality investment decision‑making through trusted, well‑governed data. Work at the intersection of investments, data platforms, and governance in a global asset owner. Flexible hybrid working to support your wellbeing and work–life balance. At AustralianSuper, we truly care about our colleagues. We know work and life are intertwined. That's why we support the diverse needs of ever…",52268.59,52268.59,2026-03-25T10:16:31Z,https://www.adzuna.co.uk/jobs/details/5677959208?utm_medium=api&utm_source=5731d18b,adzuna,2026-03-27,London,False
Data Analyst,BD Talent Limited,"Stockport, Greater Manchester","Data Analyst Stockport Hybrid Up to £40,000 Do you want to work for a highly analytical business who values data and the insights it can offer? A progressive company who are now embarking on a sizeable data transformation project which you could play a key role in? Are you looking for a hybrid set up with only two office days each week and a company that has a focus on personal growth and structured career progression? If youre thinking yes, that sounds like me, I may have just the opportunity …",40000.0,40000.0,2026-03-11T23:48:24Z,https://www.adzuna.co.uk/jobs/details/5662182628?utm_medium=api&utm_source=5731d18b,adzuna,2026-03-27,Manchester,False
Data Analyst,Duetto Research,"Worcester, Worcestershire","1. About the Company Duetto, the industry-leading hospitality revenue management system, leads the way in helping hotels, resorts and casinos optimize revenue and boost profit. Our leading SaaS platform, expanding suite of products, and incredibly skilled team have been at the heart of our continued success and our ambition for future growth knows no bounds. Duetto is building the future of hotel revenue strategy. We’re not just another SaaS company — we’re redefining what’s possible for hotels…",41814.04,41814.04,2026-03-19T10:17:11Z,https://www.adzuna.co.uk/jobs/details/5671802357?utm_medium=api&utm_source=5731d18b,adzuna,2026-03-27,Other UK,False
Data Analyst,Apex Systems US,"Shortlands, Bromley","Role Name : Data Analyst (Python) Type : Contract – Inside IR35 Location : Bromley (BR1 1LR), UK Hybrid/Remote : Hybrid – 3 days per week onsite Start Date : ASAP Duration : 1 to 2 Year Domain : Finance or Banking Job Description: Role Overview • The Technology Infrastructure Delivery & Engineering team is seeking a highly skilled engineer experienced in SDLC environment management, architecture configuration, automation, and modern DevOps tooling. • The ideal candidate will have a strong backg…",57487.78,57487.78,2026-03-26T22:15:21Z,https://www.adzuna.co.uk/jobs/details/5679741034?utm_medium=api&utm_source=5731d18b,adzuna,2026-03-27,Other UK,False
Data Analyst,Mitie,"Rosyth, Dunfermline","Join Mitie - the future of high performing places.ROLE: Data AnalystLOCATION: Fife, Scotland, KY11 2BL At Mitie, our people are our greatest strength, and our promise is to create a place to work where you can thrive and be your best every day. We're looking for a Data Analyst who will provide critical data, performance, and vetting support to help ensure key contractual requirements, performance reporting, and operational compliance are delivered effectively across the region. Role Responsibil…",45730.74,45730.74,2026-03-27T11:18:56Z,https://www.adzuna.co.uk/jobs/details/5680233328?utm_medium=api&utm_source=5731d18b,adzuna,2026-03-27,Other UK,False
